{
  "IsEncrypted": false,
  "Values": {
    "AzureWebJobsStorage": "DefaultEndpointsProtocol=https;AccountName=ckazureresumesa;AccountKey=o/F3RHQJcMzWAgFy1oLrWE8bn3fvQIhFOFaeXWcbCI0dgnD6UF9PC1Rlg0eynuvgPRp7GUMCgwEx+AStjQQUHQ==;EndpointSuffix=core.windows.net",
    "FUNCTIONS_WORKER_RUNTIME": "python",
    "AzureWebJobsFeatureFlags": "EnableWorkerIndexing",
    "FUNCTIONS_EXTENSION_VERSION": "~4",
    "AzureWebJobsDashboard": "DefaultEndpointsProtocol=https;AccountName=ckazureresumesa;AccountKey=o/F3RHQJcMzWAgFy1oLrWE8bn3fvQIhFOFaeXWcbCI0dgnD6UF9PC1Rlg0eynuvgPRp7GUMCgwEx+AStjQQUHQ==;EndpointSuffix=core.windows.net",
    "conn_str": "AccountEndpoint=https://ck-cloud-resume-cosmos.documents.azure.com:443/;AccountKey=1H2K9NPVY9FooCybbuaFmAOEPGLShJJjtTndGQnc3kd4eY5XNWkV0gblAnSH94FdYWrrelhzzthOACDbb8rH7g==;",
    "WEBSITE_CONTENTAZUREFILECONNECTIONSTRING": "DefaultEndpointsProtocol=https;AccountName=ckazureresumesa;AccountKey=o/F3RHQJcMzWAgFy1oLrWE8bn3fvQIhFOFaeXWcbCI0dgnD6UF9PC1Rlg0eynuvgPRp7GUMCgwEx+AStjQQUHQ==;EndpointSuffix=core.windows.net",
    "WEBSITE_CONTENTSHARE": "chikfuncs-fd55"
  }
}